Activity,Activity
/articles/arp-security,1
/articles/dynamic-dns-with-dhcp,10
/articles/ppp-over-ssh,4
/articles/ssh-security,4
/blog,3
/blog/2006/dec/19,1
/blog/2007/jan/27,1
/blog/2007/jan/31,1
/blog/2007/may/20,1
/blog/2007/may/27,1
/blog/articles/dynamic-dns-with-dhcp,1
/blog/articles/week-of-unix-tools/day-1-sed.html,1
/blog/articles/week-of-unix-tools/day-2-cut-and-paste.html,1
/blog/articles/week-of-unix-tools/day-3-awk.html,1
/blog/articles/week-of-unix-tools/day-4-data-sources.html,2
/blog/articles/week-of-unix-tools/day-5-xargs.html,2
/blog/articles/week-of-unix-tools/main.html,1
/blog/geekery/102.html,1
/blog/geekery/175.html,1
/blog/geekery/184.html,1
/blog/geekery/187.html,1
/blog/geekery/211.html,1
/blog/geekery/222.html,1
/blog/geekery/bypassing-captive-portals.html,1
/blog/geekery/cee-logging-for-profit.html,2
/blog/geekery/debugging-java-performance.html,1
/blog/geekery/disabling-battery-in-ubuntu-vms.html,7
/blog/geekery/distributed-xargs.html,1
/blog/geekery/fedora-9-subversion-1.5.html,1
/blog/geekery/firewall-reset-for-testing.html,1
/blog/geekery/fpm.html,1
/blog/geekery/freebsd-development.html,1
/blog/geekery/grok-1.20101030.html,1
/blog/geekery/grok-and-eventdb.html,1
/blog/geekery/grok-like-grep.html,1
/blog/geekery/grok-pattern-predicates,1
/blog/geekery/ie-javascript-error.html,1
/blog/geekery/insist-on-better-asserts.html,2
/blog/geekery/installing-windows-8-consumer-preview.html,8
/blog/geekery/interesting-freebsd-network-config.html,1
/blog/geekery/jps-shows-nothing-useful.html,1
/blog/geekery/jquery-formfill-v1.html,1
/blog/geekery/jquery-interface-/p%20ppuffer.html,1
/blog/geekery/jquery-interface-puffer.html,1
/blog/geekery/jquery-mobile-full-height-content.html,1
/blog/geekery/kyocera-kpc650-evdo-in-freebsd.html,1
/blog/geekery/log-analytics-with-open-source.html,1
/blog/geekery/logstash-1.0.0-release.html,2
/blog/geekery/low-entropy-captchas.html,1
/blog/geekery/matplotlib-induces-self-loathing.html,1
/blog/geekery/merging-multiple-svn-repos,1
/blog/geekery/pam_captcha_research.html,1
/blog/geekery/puppet-exported-resource-expiration.html,1
/blog/geekery/python-cgrok-bindings-2.html,1
/blog/geekery/python-dict-merging.html,1
/blog/geekery/shebang-fix.html,1
/blog/geekery/sms-traffic-reports.html,1
/blog/geekery/solving-good-or-bad-problems.html,7
/blog/geekery/splitting-large-logs.html,1
/blog/geekery/ssh-key-invalid-hack.html,1
/blog/geekery/ssl-latency.html,4
/blog/geekery/tf2-wine-linux-performance-tuning.html,2
/blog/geekery/thoughts-on-raid.html,1
/blog/geekery/unix-seminar.html,1
/blog/geekery/vim-function-to-make-errors-readable.html,1
/blog/geekery/xdo.html,1
/blog/geekery/xdotool-2.20100623.html,1
/blog/geekery/xdotool-2.20100818.html,1
/blog/geekery/xdotool-2.20110530.html,2
/blog/geekery/xsendevent-xdotool-and-ld_preload.html,1
/blog/geekery/xvfb-firefox.html,2
/blog/geekery/year-in-review-2011.html,1
/blog/geekery/zsh-disable-cd-username.html,1
/blog/growing-logstash-value.html,3
/blog/misc/cablebox-fix.html,1
/blog/productivity/181.html,1
/blog/productivity/pyblosxom-plugins-1.3-out-finally.html,1
/blog/productivity/vim-text-objects.html,1
/blog/projects/pam_captcha/main.html,1
/blog/projects/xdotool,1
/blog/rants/forbes-dot-com-sucks.html,6
/blog/site/183.html,2
/blog/site/sitemove4.html,1
/blog/static/about.html,1
/blog/tags/alert,1
/blog/tags/barcamp,1
/blog/tags/comcast,1
/blog/tags/databases,1
/blog/tags/deb,1
/blog/tags/dhcp,1
/blog/tags/embedding,1
/blog/tags/ewmh,1
/blog/tags/extensions,1
/blog/tags/fancydb,1
/blog/tags/firefox,8
/blog/tags/fix,1
/blog/tags/flashback2010,1
/blog/tags/flex,1
/blog/tags/g++,1
/blog/tags/glob,1
/blog/tags/hacks,1
/blog/tags/httpd,1
/blog/tags/indexing,1
/blog/tags/jquery%20mobile,1
/blog/tags/keyboard,1
/blog/tags/kyocera,1
/blog/tags/laptop,1
/blog/tags/ldap,1
/blog/tags/libpcre,1
/blog/tags/macros,1
/blog/tags/motherboards,1
/blog/tags/pam_captcha,1
/blog/tags/pipe,1
/blog/tags/pptp,1
/blog/tags/puppet,64
/blog/tags/pylons,1
/blog/tags/rants,3
/blog/tags/release,1
/blog/tags/ruby,1
/blog/tags/scapy,1
/blog/tags/scripting,1
/blog/tags/service%20providers,1
/blog/tags/shebang,1
/blog/tags/shell,3
/blog/tags/shmoocon,1
/blog/tags/soekris,1
/blog/tags/speed,1
/blog/tags/statistics,1
/blog/tags/sysadvent2009,1
/blog/tags/temperature,1
/blog/tags/tools,1
/blog/tags/travel,1
/blog/tags/unix,1
/blog/tags/upgrades,1
/blog/tags/virtualization,1
/blog/tags/web%20scraping,1
/blog/tags/wifi,1
/blog/tags/xlib,1
/blog/tags/xml,1
/blog/tags/year%20review,1
/blog/tools/week-of-unix-pipe-friendly-tools.html,2
/blog/wp-admin,2
/browserconfig.xml,1
/doc/org/elasticsearch/action/support/master/transportmasternodeoperationaction.html,1
/files,1
/files/bingerpc.py,1
/files/blogposts/20070623,1
/files/blogposts/20070915/patch-ruby1.8.6-regparse.c,1
/files/blogposts/20080611/pcapinject.c,2
/files/blogposts/20101112,1
/files/fastsplit,1
/files/firefox-tabsearch,1
/files/hello/hello_c,1
/files/logstash/logstash-1.1.0-monolithic.jar,1
/files/logstash/logstash-1.3.2-monolithic.jar,8
/files/lumberjack/lumberjack-0.3.0.exe,2
/files/pam_logfailure,1
/files/pp,1
/files/rpm/apache-maven.spec,1
/files/rubygems615,1
/files/rubygems615/java-ssl-debug-last-request.txt,1
/files/urledit,1
/files/xdotool/docs,1
/files/xdotool/docs/html,1
/files/xdotool/docs/html/index.html,1
/files/xdotool/docs/html/osx__hacks_8h_source.html,1
/files/xdotool/docs/html/search/search.js,1
/files/xdotool/docs/html/structcontext.html,1
/files/xdotool/docs/html/structxdo__search.html,1
/files/xdotool/docs/html/xdo_8h.html,1
/files/xdotool/docs/man/man3/xdo.3,1
/files/xmlpresenter,1
/kibana,2
/misc/rcfiles/procmailrc,1
/misc/rcfiles/zshrc,1
/misc/title.php.txt,1
/presentations,1
/presentations/logstash-1,2
/presentations/logstash-puppetconf-2012,2
/presentations/logstash-scale11x,7
/presentations/logstash-scale11x/js/reveal.min.js,4
/presentations/logstash-scale11x/lib/js/head.min.js,4
/presentations/logstash-scale11x/plugin/highlight/highlight.js,4
/presentations/logstash-scale11x/plugin/markdown/markdown.js,4
/presentations/logstash-scale11x/plugin/markdown/showdown.js,4
/presentations/logstash-scale11x/plugin/notes/notes.js,4
/presentations/logstash-scale11x/plugin/zoom-js/zoom.js,4
/presentations/puppet-at-loggly/puppet-at-loggly.pdf.html,3
/presentations/puppet-presentation/puppet-at-loggly.html,1
/presentations/vim,1
/projects/fex,1
/projects/firefox-urledit/urledit-screencast.html,1
/projects/java-chatclient/imchat.tar.gz,1
/projects/keynav,2
/projects/keynav/keynav.html,3
/projects/keynav/keynav.swf,1
/projects/kioskweb/demo/keyboard.html,1
/projects/pam_captcha,4
/projects/tastydrive/tastydrive.py,1
/projects/xboxproxy,2
/projects/xdotool,29
/projects/xdotool/xdotool,1
/projects/xdotool/xdotool.xhtml,16
/projects/xmlpresenter,1
/resume.xml,2
/resume.xsl,1
/robots.txt,19
/scripts,1
/scripts/backup,1
/scripts/backup/recover,1
/scripts/grok-py-test/main.py,2
/scripts/python,1
/scripts/python/wrap.backup,1
/scripts/python/wrap.backup/happyfoo.pyc,1
/scripts/streamtest,1
/scripts/xinitrc,1
/sitemap.xml,1
/test.xml,1
/wordpress/wp-admin,2
/wp-admin,2
/wp/wp-admin,2
End,275
